product_name,dp_price,mrp_price,group_name,available_stock
R-Elite Jug,170,0,premium,120
R-Samira Sq Jug,175,0,Premium,100
R Apple Jug,125,0,premium,100
R Lotus Jug,215,0,premium,100
R Fish Washing Net Big Jali,48,0,premium,100
R Fish Washing Net Medium Jali,33,0,premium,100
R Fish Washing Net Small Jali,30,0,premium,100
R RTG Mosolla-dani,110,0,premium,100
R- Dish Rack,355,0,premium,100
R- 34cm Cutting Board,165,0,Premium,100
R- 25cm Cutting Board,75,0,Premium,100
R- Tulip Cutlery,48,0,Premium,100
R- Big Dala,155,0,Premium,100
R- Medium Dala,105,0,Premium,100
R- Small Dala,65,0,Premium,100
R- Easy Piller,40,0,Premium,100
R- Frence Salt-jar,80,0,Premium,100
R- Big Handi sauce-can,32,0,Premium,100
R- 250ml sauce-can,22,0,Premium,100
R- 1L Sauce-can,60,0,Premium,100
R- Square Glass Stand,70,0,Premium,100
R- Flower Glass Stand,80,0,Premium,100
R- H2O Bottle,153,0,Premium,100
R- Prisom Bottle,58,0,Premium,100
R- Boxing Bottle,74,0,Premium,100
R- Snacks Box,52,0,Premium,1
R- 600ml orkid jar,32,0,Premium,1
R- 1.3L orkid jar,68,0,Premium,1
R- 1.6L orkid jar,70,0,Premium,1
R- 2L orkid jar,72,0,Premium,1
R- 2.5L orkid jar,74,0,Premium,1
R- 200mL Konical jar,20,0,Premium,1
R- 600mL Konical jar,32,0,Premium,1
R- Kulfi Ice Maker,56,0,Premium,1
R- High Net Tool,220,0,Premium,1
R- Beauty Tool (R/B),82,0,Premium,1
R- Beauty Tool (TG),72,0,Premium,1
R- Easy Tool (R/B),120,0,Premium,1
R- Easy Tool (P Green),120,0,Premium,1
R- Easy Tool (T Green),95,0,Premium,1
R- Pre Medium Tool  (R/B),160,0,Premium,1
R- Pre Medium Tool  (TG),130,0,Premium,1
R- Nobabi Baby Chair,180,0,Premium,1
R- Rabbit Potty,270,0,Premium,1
R- Star Potty,290,0,Premium,1
R- Premium Potty,325,0,Premium,1
R- Small Nimo Bathtop,470,0,Premium,1
R- Big Nimo Bathtop,526,0,Premium,1
R- Baby Rocker,485,0,Premium,1
R- 4 drawer Mini Organizer,230,0,Premium,1
R- Corner Rack,500,0,Premium,1
R- Beauty Rack,465,0,Premium,1
R- 2 Color Beauty Rack,465,0,Premium,1
R- Cain Fance Rack,875,0,Premium,1
R- Round Mini Rack,120,0,Premium,1
R- 4 Step Modern kitchen Rack,1160,0,Premium,1
R- 5 Step Premium kitchen Rack,1720,0,Premium,100
R- Modern Show Rack,720,0,Premium,1
R- Lid Mug,32,0,Premium,1
R- 1.5L Diamond Mug,25,0,Premium,1
R- 2L Diamond Mug,32,0,Premium,1
R- 3L Design (R/B) Jug ,70,0,Premium,1
R- 3L Tulip Jug ,80,0,Premium,1
R- 6L Tulip Container,100,0,Premium,100
R- 8L Tulip Container,120,0,Premium,100
R- 12L Tulip Container,165,0,Premium,100
R- 16L Tulip Container,215,0,Premium,100
R- 20L Tulip Container,260,0,Premium,100
R- 20L Lili Container,266,0,Premium,100
R- 12L Container Set,440,0,Premium,100
R- 16L Container Set,575,0,Premium,100
R-  Flora Container Set,150,0,Premium,100
R-  800ml Flora Container,68,0,Premium,100
R-  400ml Flora Container,45,0,Premium,100
R-  1500ml Flora Container,83,0,Premium,100
R-  2300ml Flora Container,125,0,Premium,100
R-  3.5L Spring Container,67,0,Premium,100
R-  Big File Tray,75,0,Premium,100
R-  Small File Tray,52,0,Premium,100
R-  Big Fruit Busket,48,0,Premium,100
R-  Small Fruit Busket,38,0,Premium,100
R-  Modern  Busket,62,0,Premium,100
R- Caino Oval Busket,660,0,Premium,100
R- Super Paddle Bin,275,0,Premium,100
R- 800 Fanel,32,0,Premium,100
R- 500 Fanel,25,0,Premium,100
R- 300 Fanel,18,0,Premium,100
R- 8L Cargo Box,210,0,Premium,100
R- 15L Cargo Box,320,0,Premium,100
R- 30L Cargo Box,526,0,Premium,100
R- 50L Cargo Box,710,0,Premium,100
R- 80L Cargo Box,990,0,Premium,100
R- 120L Cargo Box,1550,0,Premium,100
R- 70L Cargo Box,850,0,Premium,100
R- 110L Cargo Box,1450,0,Premium,100
R- 180L Cargo Box,2000,0,Premium,100
R- Classic Hanger,130,0,Premium,100
R- Light Hanger,130,0,Premium,100
R- Bonolota Mug,34,0,Premium,100
R- Stand Bank,76,0,Premium,100
R- 250ml Sauce Can,22,0,Premium,100
R- 1L Sauce Can,60,0,Premium,100
R- 2.50L Green Bodna,52,0,Premium,100
R- 2.50L Red Bodna,45,0,Premium,100
R- 4L Gallon,76,0,Premium,100
R- 5L Gallon,100,0,Premium,100
R- 7L Gallon,130,0,Premium,100
R- 10L Gallon,172,0,Premium,100
R- 15L Gallon,200,0,Premium,100
R- 20L Gallon,285,0,Premium,100
R- 25L Gallon,380,0,Premium,100
R- Time Mug,36,0,Premium,100
R- Kapor Brush,24,0,Premium,100
R- 30L Drum,340,0,Premium,100
R- 40L Drum,420,0,Premium,100
R- 50L Drum,540,0,Premium,100
R- 60L Drum,650,0,Premium,100
R- 70L Drum,745,0,Premium,100
R- 80L Drum,800,0,Premium,100
R- 90L Drum,900,0,Premium,100
R- 100L Drum,1040,0,Premium,100
R- 35L Design Bowl,335,0,Premium,100
R- 28L Design Bowl,285,0,Premium,100
R- 25L Design Bowl,260,0,Premium,100
R- 21L Design Bowl,175,0,Premium,100
R- 18L Design Bowl,155,0,Premium,100
R- 15L Design Bowl,140,0,Premium,100
R- 10L Design Bowl,105,0,Premium,100
R- 8L Design Bowl,88,0,Premium,100
R- 5L Design Bowl,60,0,Premium,100
R- 3L Design Bowl,40,0,Premium,100
R- 3L Design Bucket (Balti),42,0,Premium,100
R- 5L Design Bucket (Balti),65,0,Premium,100
R- 8L Design Bucket (Balti),88,0,Premium,100
R- 10L Design Bucket (Balti),108,0,Premium,100
R- 12L Design Bucket (Balti),130,0,Premium,100
R- 16L Design Bucket (Balti),155,0,Premium,100
R- 18L Design Bucket (Balti),185,0,Premium,100
R- 20L Design Bucket (Balti),195,0,Premium,100
R- 25L Design Bucket (Balti),240,0,Premium,100
R- 30L Design Bucket (Balti),260,0,Premium,100
R- 35L Design Bucket (Balti),345,0,Premium,100
R- 35L Design Lid Bucket (Dakna-Balti),425,0,Premium,100
R- 30L Design Lid Bucket (Dakna-Balti),336,0,Premium,100
R- 25L Design Lid Bucket (Dakna-Balti),305,0,Premium,100
R- 20L Design Lid Bucket (Dakna-Balti),250,0,Premium,100
R- 18L Design Lid Bucket (Dakna-Balti),237,0,Premium,100
R- 16L Design Lid Bucket (Dakna-Balti),205,0,Premium,100
R- 12L Design Lid Bucket (Dakna-Balti),168,0,Premium,100
R- 10L Design Lid Bucket (Dakna-Balti),144,0,Premium,100
R- 8L Design Lid Bucket (Dakna-Balti),123,0,Premium,100
R- 5L Design Lid Bucket (Dakna-Balti),85,0,Premium,100
R- 3L Design Lid Bucket (Dakna-Balti),54,0,Premium,100
R- 3L Super Bowl,40,0,Prestige,1
R- 5L Super Bowl,60,0,Prestige,1
R- 8L Super Bowl,88,0,Prestige,1
R- 10L Super Bowl,105,0,Prestige,1
R- 15L Super Bowl,140,0,Prestige,1
R- 18L Super Bowl,175,0,Prestige,1
R- 20L Super Bowl,185,0,Prestige,1
R- 25L Super Bowl,250,0,Prestige,1
R- 30L Super Bowl,285,0,Prestige,1
R- Spice Jar Big,62,0,Prestige,1
R- Spice Jar Medium,48,0,Prestige,1
R- Spice Jar Small,34,0,Prestige,1
R- Deluxe Organizer,650,0,Prestige,1
R- Unique Jug,80,0,Prestige,1
R- President Tool,88,0,Prestige,100
R- Medium President Tool,130,0,Prestige,100
R- ABC Baby Chair,185,0,Prestige,100
R- Banni Potty,325,0,Prestige,100
R- Hello Bathtub Big,385,0,Prestige,100
R- Hello Bathtub Small,290,0,Prestige,100
R- Super Rack,495,0,Prestige,100
R- Super Bucket (Balti) 4L ,50,0,Prestige,100
R- Super Bucket (Balti) 8L ,85,0,Prestige,100
R- Super Bucket (Balti) 10L ,100,0,Prestige,100
R- Super Bucket (Balti) 12L ,120,0,Prestige,100
R- Super Bucket (Balti) 15L ,130,0,Prestige,100
R- Super Bucket (Balti) 20L ,185,0,Prestige,100
R- Super Bucket (Balti) 25L ,210,0,Prestige,100
R- Super Bucket (Balti) 30L ,255,0,Prestige,100
R- Mother Touch Mum Pot ,45,0,Prestige,100
R- Babul Mug ,40,0,Prestige,100
R- Net Jali 56cm,165,0,Prestige,100
R- Net Jali 48cm,120,0,Prestige,100
R- Net Jali 42cm,88,0,Prestige,100
R- Net Jali 37cm,62,0,Prestige,100
R- Net Jali 34cm,48,0,Prestige,100
R- Net Jali 30cm,44,0,Prestige,100
R- Net Jali 28cm,38,0,Prestige,100
R- Deer Potty ,260,0,Prestige,100
R- Tulip Rack,696,0,Prestige,100
R- 3.5L Cosmos Jug,83,0,Prestige,100
R- 3.5L Cherry Jug,80,0,Prestige,100
R- Hat Pakha ,32,0,Prestige,100
R- Kula Big ,83,0,Prestige,100
R- Kula Small,58,0,Prestige,100
R- Mota Cutting Board,240,0,Prestige,100
R- Lotus Salt Jar,57,0,Prestige,100
R- Jol Kanda,22,0,Prestige,100
R- 450 Marlo Bottle,105,0,Prestige,100
R- Marbel Bottle 450ml,63,0,Prestige,100
R- Marbel Bottle 550ml,66,0,Prestige,100
R- Marbel Bottle 650ml,69,0,Prestige,100
R- Cute Bottle 200ml,50,0,Prestige,100
R- Cute Bottle 400ml,66,0,Prestige,100
R- 3P Container Set,140,0,Prestige,100
R- Dust Busket Medium,76,0,Prestige,100
R- Family Busket ,375,0,Prestige,100
R- Dust Pan (Belcha) Big,40,0,Prestige,100
R- Dust Pan (Belcha) Small,25,0,Prestige,100
R- Slim Dust Pan (Belcha),22,0,Prestige,100
R- Elegant Dust Pan (Belcha),32,0,Prestige,100
R- Square Medicine Box,95,0,Prestige,100
R- RTG Medicine Box,105,0,Prestige,100
R- 2.25L Blue Bodna,48,0,Prestige,100
R- 2.25L Red Bodna,40,0,Prestige,100
R- Moving Shirt Hanger,125,0,Prestige,100
R- Patla Rehal,68,0,Prestige,100
R- Holy Rehal,76,0,Prestige,100
R- Noha Jar 425ml ,25,0,Prestige,100
R- Noha Jar 300ml ,22,0,Prestige,100
R- Noha Jar 160ml ,18,0,Prestige,100
R- Noha Jar 130ml ,16,0,Prestige,100
R- Moving Busket,240,0,Prestige,100
R- 3.5L Jug ,83,0,Prestige,100
R- Haman Dista,115,0,Prestige,100
R- Easy Bag,170,0,Prestige,100
R- Oval Oil Jar,104,0,Prestige,100
R- Dust Busket Small,55,0,Prestige,100
R- Wastage Bin,400,0,Prestige,100
R- Cain Paper Busket,195,0,Prestige,100
R- 4P Fresco Set,170,0,Prestige,100
R- Shirt Hanger,80,0,Prestige,100
R- Net Tool Medium (R/B),172,0,Popular,100
R- Net Tool Medium (Green),130,0,Popular,100
R- Popular Shoe Rack,410,0,Popular,100
R- Round (gol) Rack,400,0,Popular,100
R- Standard Kitchen Rack,1600,0,Popular,100
R- Mota Mini Rack,205,0,Popular,100
R- Popular Potty,290,0,Popular,100
R- Coffee Mug,32,0,Popular,100
R- 500Ml Mug,12,0,Popular,100
R- Medium Pani Chakni,22,0,Popular,100
R- Small Pani Chakni,20,0,Popular,100
R- Carniz Spice jar (mosolla),56,0,Popular,100
R- 3-Bati Cari,120,0,Popular,100
R- 2-Bati Cari,95,0,Popular,100
R- Loose Container 3L,57,0,Popular,100
R- Loose Container 5L,83,0,Popular,100
R- Loose Container 7L,108,0,Popular,100
R- Loose Container 10L,135,0,Popular,100
R- Loose Container 15L,210,0,Popular,100
R- Loose Container 20L,260,0,Popular,100
R- Big Rainbow 3P Set,215,0,Popular,100
R- Small Rainbow 4P Set,95,0,Popular,100
R- 38cm Laundry Busket,195,0,Popular,100
R- Paddle Bin 10L,325,0,Popular,100
R- Paddle Bin 15L,460,0,Popular,100
R- Paddle Bin 20L,535,0,Popular,100
R- Medium Dust Pan (Belcha),32,0,Popular,100
R- Round High Tool,230,0,Popular,100
R- 1.5L Fijar Bottle,116,0,Popular,100
R- 2L Fijar Bottle,126,0,Popular,100
R- 650 Spring Bottle,79,0,Popular,100
R- 550 Spring Bottle,74,0,Popular,100
R- Bonolota Container Set,350,0,Popular,100
R- Cha Chakni,32,0,Popular,100
R- Loose Container 35L,460,0,Popular,100
R- Loose Container 26L,340,0,Popular,100
R- Two Part,95,0,Popular,100
R- Square Salt Jar,36,0,Popular,100
R- Cute Salt Jar (lobon),25,0,Popular,100
R- 2L Design Jug,60,0,Popular,100
R- King Firi (tool),110,0,Popular,100
R- 4P Daliya Set,140,0,Popular,100
R- Love Tool (Red),72,0,Popular,100
R- Love Tool (Green),58,0,Popular,100
R- Wall Hanger,65,0,Popular,100
R- Hexa Kitchen Rack,1460,0,Popular,100
R- Lion Rack,1150,0,Popular,100
R- Executive Organizer,540,0,Popular,100
R- Baby Potty,130,0,Popular,100
R- 3D Coffee Mug,40,0,Popular,100
R- 45cm Laundry Busket,250,0,Popular,100
R- Court Hanger,180,0,Popular,100
R- 24P Round Hanger,200,0,Popular,100
R- 12P Round Hanger,90,0,Popular,100
R- 12P Finger Clip,62,0,Popular,100
R- 14P Finger Clip,65,0,Popular,100
R- 24P Finger Clip,100,0,Popular,100
R- Power Tool,80,0,Prominent,100
R- Round Medium Tool,160,0,Prominent,100
R- Cain Medium Tool,190,0,Prominent,100
R- Cain high Tool,260,0,Prominent,100
R- Lotus Rack,696,0,Prominent,100
R- Smart Organizer,270,0,Prominent,100
R- Baby Fani Chair,190,0,Prominent,100
R- Small Potty,115,0,Prominent,100
R- Car Potty,385,0,Prominent,100
R- Modern Floor Mop,285,0,Prominent,100
R- Deluxe Floor Mop,335,0,Prominent,100
R- SS Deluxe Floor Mop,0,0,Prominent,100
R- Hygiene (Haigine) Bucket,526,0,Prominent,100
R- Print Bowl 3L,42,0,Prominent,100
R- Print Bowl 5L,68,0,Prominent,100
R- Print Bowl 8L,100,0,Prominent,100
R- Print Bowl 10L,115,0,Prominent,100
R- Print Bowl 15L,145,0,Prominent,100
R- Print Bowl 18L,190,0,Prominent,100
R- Print Bowl 20L,200,0,Prominent,100
R- Print Bowl 25L,270,0,Prominent,100
R- Print Bowl 28L,285,0,Prominent,100
R- Print Bowl 30L,295,0,Prominent,100
R- Fence Mug,48,0,Prominent,100
R- Cosmo Mug,48,0,Prominent,100
R- Aroma Jug,83,0,Prominent,100
R- Diamond Jug,215,0,Prominent,100
R- Lili Jug,100,0,Prominent,100
R- Niyon Jug,195,0,Prominent,100
R- 2P Cherry Container Set,200,0,Prominent,100
R- 3P Cherry Container Set,0,0,Prominent,100
R- 4P Diamond Container Set ,570,0,Prominent,100
R- Titan Box,110,0,Prominent,100
R- 30.5cm Fijar Box,175,0,Prominent,100
R- 37cm Fijar Box,220,0,Prominent,100
R- Medium Ruti Box,80,0,Prominent,100
R- Big Ruti Box,115,0,Prominent,100
R- Big Bela Ruti Box,80,0,Prominent,100
R- Small Bela Ruti Box,65,0,Prominent,100
R- 1300ml Monia Lock,80,0,Prominent,100
R- 925ml Monia Lock,72,0,Prominent,100
R- 1450ml Monia Lock,95,0,Prominent,100
R- 825ml Partition Monia Lock,108,0,Prominent,100
R- 825ml Monia Lock,80,0,Prominent,100
R- 1650ml Partition Monia Lock,160,0,Prominent,100
R- 1650ml Monia Lock,120,0,Prominent,100
R- 300ml Monia Lock,44,0,Prominent,100
R- 600ml Round Monia Lock,56,0,Prominent,100
R- 600ml Square Monia Lock,62,0,Prominent,100
R- 1200ml Monia Lock,80,0,Prominent,100
R- 450ml Monia Lock,56,0,Prominent,100
R- 350ml Monia Lock,72,0,Prominent,100
R- 200ml Monia Lock,45,0,Prominent,100
R- 1100ml Monia Lock,88,0,Prominent,100
R- 1100ml Partition Monia Lock,120,0,Prominent,100
R- 2800ml Partition Monia Lock,200,0,Prominent,100
R- 2800ml Monia Lock,150,0,Prominent,100
R- 300ml Glass,12,0,Prominent,100
R- 6P Tulip T-Cup,120,0,Prominent,100
R- Nancy Tea-Cup,18,0,Prominent,100
R- jest Spice Tray,78,0,Prominent,100
R- Camelia Salt jar,25,0,Prominent,100
R- 34cm Royel Cutting Board,150,0,Prominent,100
R- Multi Juicer,150,0,Prominent,100
R- Happy Brush Holder,50,0,Prominent,100
R- 1000 Care Tiffin Box,95,0,Prominent,100
R- 900 Care Tiffin Box,75,0,Prominent,100
R- 600 Care Tiffin Box,72,0,Prominent,100
R- Dongle Hanger 6P,108,0,Prominent,100
R- Coper Hanger 6P,105,0,Prominent,100
R- 16 Hook Hanger,80,0,Prominent,100
R- Octo Hanger,165,0,Prominent,100
R- 2.75 Blue Bodna,59,0,Prominent,100
R- 2.75 Green Bodna,59,0,Prominent,100
R- 2.75 Red Bodna,46,0,Prominent,100
R- 6L Gardening Jar,160,0,Prominent,100
R- 4 Drawer Smart Closet,1950,0,Prominent,100
R- 5 Drawer Smart Closet,2350,0,Prominent,100
R- Clean Paper Busket,62,0,Prominent,100
R- Sun Flower Busket,100,0,Prominent,100
R- Laundry Busket,220,0,Prominent,100
R- Big RTG flower Tob,133,0,Prominent,100
R- Medium RTG flower Tob,97,0,Prominent,100
R- Small RTG flower Tob,60,0,Prominent,100
R- Tulip Glass Stand,195,0,Prominent,100
R- Spiral Mop,320,0,Prominent,100
R- 51cm Moshjid Stand,60,0,Prominent,100
R- Bonga Big,55,0,Prominent,100
R- Bonga Medium,35,0,Prominent,100
R- Bonga Small,28,0,Prominent,100
R- Fanel Small,16,0,Prominent,100
R- Fanel Medium,18,0,Prominent,100
R- Fanel Big,25,0,Prominent,100
R- Liberty Bottle 500ml,55,0,Prominent,100
R- Liberty Bottle 800ml,72,0,Prominent,100
R- Phinix (finix) Bottle 1000ml,37,0,Prominent,100
R- Oil Jar 1000ml,108,0,Prominent,100
R- Oil Jar 750ml,88,0,Prominent,100
R- Filter Stand 2step Black,445,0,Prominent,100
R- Filter Stand 3step Black,690,0,Prominent,100
R- Filter Stand 3step Blue,925,0,Prominent,100
R- Filter Stand 2step Blue,585,0,Prominent,100
R- Filter 20L ,1700,0,Prominent,100
R- Filter 24L ,1750,0,Prominent,100
R- Filter 28L ,2300,0,Prominent,100
R- Safe Way Ciramics,230,0,Prominent,100
R- Safe Way Cartridge,360,0,Prominent,100
R- Edur Kol Mota,160,0,Prominent,100
R- Edur Kol Patla,140,0,Prominent,100
R- Kol,52,0,Prominent,100
R-Priti + Beauty Powder Case,70,0,Prominent,100
R- VIP Tool,390,0,Pacific,100
R- Horse Potty,280,0,Pacific,100
R- Suite Bathtub,620,0,Pacific,100
R- 5 Drawer Tini Organizer,100,0,Pacific,100
R- Smart Print Rack,500,0,Pacific,100
R- Standard Mini Rack,130,0,Pacific,100
R- English Dish Rack Mini,280,0,Pacific,100
R- English Dish Rack Big,485,0,Pacific,100
R- Sulov 1500ml Bowl,19,0,Pacific,100
R- Sulov 620ml Bowl,17,0,Pacific,100
R- Easy Ice Maker,65,0,Pacific,100
R- Gudni,32,0,Pacific,100
R- Dabu,22,0,Pacific,100
R- Kido Bottle,90,0,Pacific,100
R- Mina Bottle,90,0,Pacific,100
R- 550 Spark Bottle,111,0,Pacific,100
R- 700 Spark Bottle,142,0,Pacific,100
R- 450ml Oil Jar,85,0,Pacific,100
R- Medium Fresh Busket,72,0,Pacific,100
R- Big Fresh Busket,130,0,Pacific,100
R- Heavy Rehal,118,0,Pacific,100
R- Unique Belcha,30,0,Pacific,100
R- Bed Jharu,95,0,Pacific,100
R- Mina Container Big,135,0,Pacific,100
R- Mina Container Medium,100,0,Pacific,100
R- Mina Container Small,80,0,Pacific,100
R- Pacific Shoe Rack,420,0,Pacific,100
R- Drinko Mug,80,0,Pacific,100
R- Popular Medium Net Tool (R/B),152,0,Prado,100
R- Popular Medium Net Tool (Green),125,0,Prado,100
R- Easy Tool Oval (R/B),138,0,Prado,100
R- Easy Tool Oval (Green/Royal Blue),105,0,Prado,100
R- Nice Potty,300,0,Prado,100
R- Chair Potty,165,0,Prado,100
R- Doreimon Chair,145,0,Prado,100
R- Baby Bed Table,370,0,Prado,100
R- Modern Kids Table Big,465,0,Prado,100
R- Modern Kids Table Small,445,0,Prado,100
R- 4 Step Nova Rack,625,0,Prado,100
R- 5 Step Nova Rack,790,0,Prado,100
R- Popular Rack,390,0,Prado,100
R- Nimo Mug,32,0,Prado,100
R- Paris Mug,34,0,Prado,100
R- Paris Mug with Lid,58,0,Prado,100
R- Magic Mug ,68,0,Prado,100
R- 2L Sweety Jug,57,0,Prado,100
R- Atlantic Jug,120,0,Prado,100
R- Queen jug,195,0,Prado,100
R- 3.5L King jug,83,0,Prado,100
R- 1.8L King jug,60,0,Prado,100
R- 1L Heater jug,155,0,Prado,100
R- 2.5L Heater jug,270,0,Prado,100
R- Table salt Jar ,14,0,Prado,100
R- 1200ml Lili Bottle,58,0,Prado,100
R- 850ml King Jug,30,0,Prado,100
R- SS RTG ,295,0,Prado,100
R- Miki Bottle,84,0,Prado,100
R- 550ml Cyber Bottle,126,0,Prado,100
R- 450ml Cyber Bottle,121,0,Prado,100
R- Mimi RTG Tiffin Box,76,0,Prado,100
R- Strawbery Tiffin Box,80,0,Prado,100
R- Round 3 Bati with Handle,205,0,Prado,100
R- 375ml Camelia Jar,28,0,Prado,100
R- 750ml Camelia Jar,38,0,Prado,100
R- 1250ml Camelia Jar,48,0,Prado,100
R- 2000ml Trim Container,86,0,Prado,100
R- 3500ml Trim Container,95,0,Prado,100
R- 600ml Trim Container,32,0,Prado,100
R- 4500ml Trim Container,136,0,Prado,100
R- 200ml Trim Container,22,0,Prado,100
R- 300ml Trim Container,24,0,Prado,100
R- 1000ml Trim Container,44,0,Prado,100
R- 8500ml Trim Container,195,0,Prado,100
R- 6000ml Trim Container,165,0,Prado,100
R- Tomi Organizer,240,0,Prado,100
R- Wall Mirror,195,0,Prado,100
R- Moving Haat Pakha,35,0,Prado,100
R- 24P Clip Busket,125,0,Prado,100
R- 18P Clip Busket,80,0,Prado,100
R- 12P Jonaki Clip,57,0,Prado,100
R- 12P Solar Clip,68,0,Prado,100
R- 12P Flower Clip,50,0,Prado,100
R- Pid Chulkani,25,0,Prado,100
R- Smile Brush Holder,50,0,Prado,100
R- Baby Bathtub ,445,0,Prado,100
R- 200ml Globe Jar,18,0,Prado,100
R- 350ml Globe Jar,22,0,Prado,100
R- 450ml Globe Jar,28,0,Prado,100
R- 800ml Globe Jar,38,0,Prado,100
R- 1200ml Globe Jar,48,0,Prado,100
R- 1400ml Globe Jar,65,0,Prado,100
R- 2100ml Globe Jar,72,0,Prado,100
R- Modern Wall Hook 2P Set,62,0,Prado,100
R- Cain Oval Pan Stand,30,0,Prado,100
R- Milk Carret ,360,0,Prado,100
R- 15L Classic Bin,365,0,Prado,100
Win- 1000ml Aroma Hotpot  ,300,0,Winner,100
Win- 1500ml Aroma Hotpot  ,410,0,Winner,100
Win- 2000ml Aroma Hotpot  ,520,0,Winner,100
Win- 2500ml Aroma Hotpot  ,630,0,Winner,100
Win- 5000ml Aroma Hotpot  ,850,0,Winner,100
Win- 500ml Leisure Bati,230,0,Winner,100
Win- 3 Bati Cosmo New,330,0,Winner,100
Win- 4 Bati Cosmo New,380,0,Winner,100
Win- 4 Bati Belt Carrier,570,0,Winner,100
Win- 3 Bati Belt Carrier,520,0,Winner,100
Win- 1L Heater Jug,170,0,Winner,100
Win- 1.5L Heater Jug,210,0,Winner,100
Win- 2L Heater Jug,225,0,Winner,100
Win- 1L Ranger Flask SS,590,0,Winner,100
Win- 1L Ranger Flask PP,575,0,Winner,100
Win- 1L Angel  Vacuum Flask,540,0,Winner,100
Win- 1L Delta Flask,540,0,Winner,100
Win- 1L Elite Flask,525,0,Winner,100
Win- 1L Elegant Flask,360,0,Winner,100
Win- 500ml Elegant Flask,290,0,Winner,100
Win- 500ml Vacuum Flask,280,0,Winner,100
Win- 1L Vacuum Flask,350,0,Winner,100
Win- 1.8L Vacuum Flask,450,0,Winner,100
Win- 1L Marvel Flask,360,0,Winner,100
Win- 500ml Marvel Flask,290,0,Winner,100
Win- 1.8L Crown Flask,610,0,Winner,100
Win- 3L PP Flask,1260,0,Winner,100
Win- 3L Metal Flask,1300,0,Winner,100
Win- 3L SS Flask,1350,0,Winner,100
Win- 3.5L SS Flask,1460,0,Winner,100
Win- 1.5L Ketli,850,0,Winner,100
Win- 1000ml Leisure Hotpot,280,0,Winner,100
Win- 1.3L Delta Flask,550,0,Winner,100
Win- 1200ml Omega Hotpot,480,0,Winner,100
Win- 1500ml Omega Hotpot,540,0,Winner,100
Win- 2000ml Omega Hotpot,570,0,Winner,100
Win- 2500ml Omega Hotpot,640,0,Winner,100
Win- 3000ml Omega Hotpot,700,0,Winner,100
Win- 3600ml Omega Hotpot SS,770,0,Winner,100
Win- 750ml Tharmo Flask,825,0,Winner,100
Win- 650ml Mari gold,325,0,Winner,100
Win- jhul Jharu,160,0,Winner,100
Win- Floor Wiper,140,0,Winner,100
Win- 1L Mari Gold,375,0,Winner,100
Win- 500ml Mari Gold,285,0,Winner,100
Win- Clean Max,250,0,Winner,100
Win- Toilet Brush,40,0,Winner,100
Win- Ful Jharu,155,0,Winner,100
Win- Happy Mum Pot,55,0,Winner,100
Win- Honey Bee Mum Pot,80,0,Winner,100
Win- Elite Super,500,0,Winner,100
BP- 50cm Net Dakna,65,0,Bikrampur Plastic,100
BP- 42cm Net Dakna,38,0,Bikrampur Plastic,100
BP- 37cm Net Dakna,342,0,Bikrampur Plastic,100
BP- 32cm Net Dakna,246,0,Bikrampur Plastic,100
BP- 28cm Net Dakna,186,0,Bikrampur Plastic,100
BP- 25cm Net Dakna,130,0,Bikrampur Plastic,100
BP- 20cm Net Dakna,90,0,Bikrampur Plastic,100
BP- 16cm Net Dakna,64,0,Bikrampur Plastic,100
BP- 13cm Net Dakna,45,0,Bikrampur Plastic,100
BP- Marco Potty,90,0,Bikrampur Plastic,100
BP- Racer Potty,165,0,Bikrampur Plastic,100
BP- Big Dala,92,0,Bikrampur Plastic,100
BP- Small Dala,66,0,Bikrampur Plastic,100
BP- Fishy Bank,17,0,Bikrampur Plastic,100
BP- Big Tala Bank,192,0,Bikrampur Plastic,100
BP- Small Tala Bank,92,0,Bikrampur Plastic,100
BP- 9 Hook Hanger ,266,0,Bikrampur Plastic,100
BP- 11 Hook Hanger ,370,0,Bikrampur Plastic,100
BP- 10L Container Set 4P,290,0,Bikrampur Plastic,100
BP- 7L Container Set 3P,180,0,Bikrampur Plastic,100
BP- 20L Container Loose,210,0,Bikrampur Plastic,100
BP- 15L Container Loose,150,0,Bikrampur Plastic,100
BP- 10L Container Loose,90,0,Bikrampur Plastic,100
BP- 7L Container Loose,74,0,Bikrampur Plastic,100
BP- 2500 Number 1 Bati,46,0,Bikrampur Plastic,100
BP- 1500 Number 1 Bati,32,0,Bikrampur Plastic,100
BP- 750 Number 1 Bati,19,0,Bikrampur Plastic,100
BP- Nano Box,78,0,Bikrampur Plastic,100
BP- Radhuni Lobon-dani (Salt-jar)- 1D,90,0,Bikrampur Plastic,100
BP- 3 Drawer Jerry Organizer,97,0,Bikrampur Plastic,100
BP- 2 Drawer Jerry Organizer,75,0,Bikrampur Plastic,100
BP- 2 (Twin) Color Mug,186,0,Bikrampur Plastic,100
BP- Modern Print Mug,186,0,Bikrampur Plastic,100
BP- 3 Bati Carrier (Good luck),94,0,Bikrampur Plastic,100
BP- 2 Bati Carrier (Good luck),80,0,Bikrampur Plastic,100
BP- 24 Piece Dim Box,85,0,Bikrampur Plastic,100
BP- 12 Piece Dim Box,55,0,Bikrampur Plastic,100
BP- Catering Box,140,0,Bikrampur Plastic,100
BP- Food Carrier Box,152,0,Bikrampur Plastic,100
BP- Fishy Box,125,0,Bikrampur Plastic,100
BP- Mega Box,190,0,Bikrampur Plastic,100
BP- Bread Box,85,0,Bikrampur Plastic,100
BP- Meat Box,90,0,Bikrampur Plastic,100
BP- Nobabi Jug,210,0,Bikrampur Plastic,100
BP- Number 1 Bati Set,95,0,Bikrampur Plastic,100
BP- Ettadi 4 Bati Set,95,0,Bikrampur Plastic,100
BP- Ettadi 3 Bati Set,81,0,Bikrampur Plastic,100
BP- Rong-Dhonu 5P Bati Set,120,0,Bikrampur Plastic,100
BP- Rong-Dhonu 4P Bati Set,80,0,Bikrampur Plastic,100
BP- 35cm Home Jali,71,0,Bikrampur Plastic,100
BP- 32cm Home Jali,61,0,Bikrampur Plastic,100
BP- 28cm Home Jali,43,0,Bikrampur Plastic,100
BP- 37cm Twin Jali,76,0,Bikrampur Plastic,100
BP- 30cm Twin Jali,44,0,Bikrampur Plastic,100
BP- 50L RC Drum,107,0,Bikrampur Plastic,100
BP- 40L RC Drum,87,0,Bikrampur Plastic,100
BP- 20L Dakna Balti (Bucket) - Coloring,97,0,Bikrampur Plastic,100
BP- 20L Dakna Balti (Bucket) - Black,92,0,Bikrampur Plastic,100
BP- 20L Balti (Bucket) - Black,77,0,Bikrampur Plastic,100
BP- Noodles Net Jali,210,0,Bikrampur Plastic,100
BP- 10P Kulfi Ice Maker,54,0,Bikrampur Plastic,100
BP- 8P Kulfi Ice Maker,50,0,Bikrampur Plastic,100
BP- 6P Kulfi Ice Maker,35,0,Bikrampur Plastic,100
BP- 4P Kulfi Ice Maker,25,0,Bikrampur Plastic,100
BP- Juicer Jug,72,0,Bikrampur Plastic,100
BP- Max Stand,198,0,Bikrampur Plastic,100
BP- Unique Stand - 1P,17,0,Bikrampur Plastic,100
BP- Student Pen Stand - 1P,17,0,Bikrampur Plastic,100
BP- Rambo Stand ,35,0,Bikrampur Plastic,100
BP- Corporate Busket,88,0,Bikrampur Plastic,100
BP- Kakon Jali,84,0,Bikrampur Plastic,100
BP- Vegetable Busket,68,0,Bikrampur Plastic,100
BP- Daliya Busket,83,0,Bikrampur Plastic,100
BP- Big Cute Busket,86,0,Bikrampur Plastic,100
BP- Small Cute Busket,64,0,Bikrampur Plastic,100
BP- Medium Apex Busket,38,0,Bikrampur Plastic,100
BP- Mini Apex Busket,192,0,Bikrampur Plastic,100
BP- B Quality Jali,19,0,Bikrampur Plastic,100
BP- Momtaj Jali,198,0,Bikrampur Plastic,100
BP- Choya Atta Chalni,330,0,Bikrampur Plastic,100
BP- 50L Bowl (Gamla),320,0,Bikrampur Plastic,100
BP- Sun Flower Mini Rack,88,0,Bikrampur Plastic,100
BP- Baby Top Mini Rack,80,0,Bikrampur Plastic,100
BP- 3 Kona Mini Rack,80,0,Bikrampur Plastic,100
BP- Square Mini Rack,78,0,Bikrampur Plastic,100
BP- Magic Mini Rack,76,0,Bikrampur Plastic,100
BP- Mini Jar 3P Set,85,0,Bikrampur Plastic,100
BP- Paddle Bin - Black,85,0,Bikrampur Plastic,100
BP- Urine Pot - 24/-,40,0,Bikrampur Plastic,100
BP- Bed Pen - 57/-,70,0,Bikrampur Plastic,100
BP- Big Sauce Can,144,0,Bikrampur Plastic,100
BP- Small Sauce Can,96,0,Bikrampur Plastic,100
BP- Big Kula,61,0,Bikrampur Plastic,100
BP- 13inc Khandani Tob - Coloring ,140,0,Bikrampur Plastic,100
BP- 10inc Khandani Tob - Coloring ,90,0,Bikrampur Plastic,100
BP- 9inc Khandani Tob - Coloring ,60,0,Bikrampur Plastic,100
BP- 7inc Khandani Tob - Coloring ,37,0,Bikrampur Plastic,100
BP- 5.5inc Khandani Tob - Coloring ,22,0,Bikrampur Plastic,100
BP- 4.5inc Khandani Tob - Coloring ,15,0,Bikrampur Plastic,100
BP- 4inc Khandani Tob - Coloring ,10,0,Bikrampur Plastic,100
BP- 13inc Khandani Tob - White,210,0,Bikrampur Plastic,100
BP- 10inc Khandani Tob - White,120,0,Bikrampur Plastic,100
BP- 9inc Khandani Tob - White,75,0,Bikrampur Plastic,100
BP- 7inc Khandani Tob - White,42,0,Bikrampur Plastic,100
BP- 5.5inc Khandani Tob - White,27,0,Bikrampur Plastic,100
BP- 4.5inc Khandani Tob - White,18,0,Bikrampur Plastic,100
BP- 4inc Khandani Tob - White,12,0,Bikrampur Plastic,100
BP- 22cm Big Grill Tob - Coloring,50,0,Bikrampur Plastic,100
BP- 15cm Medium Grill Tob - Coloring,24,0,Bikrampur Plastic,100
BP- 12cm Small Grill Tob - Coloring,15,0,Bikrampur Plastic,100
BP- 12cm Small Grill Tob - White,20,0,Bikrampur Plastic,100
BP- 15cm Medium Grill Tob - White,30,0,Bikrampur Plastic,100
BP- 22cm Big Grill Tob - White,60,0,Bikrampur Plastic,100
BP- 18'' Eco Tob ,260,0,Bikrampur Plastic,100
BP- 16'' Eco Tob ,170,0,Bikrampur Plastic,100
BP- 14'' Eco Tob ,118,0,Bikrampur Plastic,100
BP- 12'' Eco Tob ,78,0,Bikrampur Plastic,100
BP- 10'' Eco Tob ,58,0,Bikrampur Plastic,100
BP- 8'' Eco Tob ,35,0,Bikrampur Plastic,100
BP- 6'' Eco Tob ,24,0,Bikrampur Plastic,100
BP- 4'' Eco Tob ,12,0,Bikrampur Plastic,100
BP- 11.5'' Square Tob ,100,0,Bikrampur Plastic,100
BP- 13'' Square Tob ,140,0,Bikrampur Plastic,100
BP- 11'' Hanging Tob,50,0,Bikrampur Plastic,100
BP- 9'' Hanging Tob,40,0,Bikrampur Plastic,100
BP- 8'' Hanging Tob,28,0,Bikrampur Plastic,100
BP- 7'' Hanging Tob,22,0,Bikrampur Plastic,100
BP- RMB Dish Rack,280,0,Bikrampur Plastic,100
BP- Mota Round Gol Rack,235,0,Bikrampur Plastic,100
BP- Patla Round Gol Rack,210,0,Bikrampur Plastic,100
BP- 1L Happy Jar - 3P,78,0,Bikrampur Plastic,100
BP- 2L Happy Jar - 3P,85,0,Bikrampur Plastic,100
BP- 3L Happy Jar - 3P,110,0,Bikrampur Plastic,100
BP- 3P Mini Jar Container Set,85,0,Bikrampur Plastic,100
BP- 5L Container Loose,54,0,Bikrampur Plastic,100
BP- 3L Container Loose,38,0,Bikrampur Plastic,100
BP- Tulip Cup,16.5,0,Bikrampur Plastic,100
BP- Fruit Tray,202,0,Bikrampur Plastic,100
BP- Family Cutlery Stand,196,0,Bikrampur Plastic,100
BP- Flower Stand,82,0,Bikrampur Plastic,100
BP- Butterfly Busket,35,0,Bikrampur Plastic,100
BP- Big Babul Busket,64,0,Bikrampur Plastic,100
BP- Small Babul Busket,44,0,Bikrampur Plastic,100
BP- Big Beter Jhuri,30,0,Bikrampur Plastic,100
BP- Small Beter Jhuri,15,0,Bikrampur Plastic,100
BP- Mini Beter Jhuri,8,0,Bikrampur Plastic,100
BP- Big Jambo Jali,150,0,Bikrampur Plastic,100
BP- All Time Saban Case,80,0,Bikrampur Plastic,100
BP- BP Saban Case,132,0,Bikrampur Plastic,100
BP- Keya Saban Case,54,0,Bikrampur Plastic,100
BP- Moving Haat Pakha,17,0,Bikrampur Plastic,100
R- Penguin Bottle 230ml,41,0,Premium,100
Taj- 5 Bati Set,210,0,Taj Plastic,100
Taj- 4.5L Round Bati,68,0,Taj Plastic,100
Taj- 3L Round Bati,53,0,Taj Plastic,100
Taj- 2L Round Bati,40,0,Taj Plastic,100
Taj- 1.5L Round Bati,33,0,Taj Plastic,100
Taj- 900ml Round Bati,22,0,Taj Plastic,100
Taj- 2500 Soikot Bati -1P,47,0,Taj Plastic,100
Taj- 1500 Soikot Bati -1P,33,0,Taj Plastic,100
Taj- 750 Soikot Bati -1D,210,0,Taj Plastic,100
Taj- 3 Bati Carrier,95,0,Taj Plastic,100
Taj- 2 Bati Carrier,80,0,Taj Plastic,100
Taj- 3.5L Jug,80,0,Taj Plastic,100
Taj- Soikot Jug,75,0,Taj Plastic,100
Taj- Urfa Container - Print,90,0,Taj Plastic,100
Taj- Urfa Container - White,85,0,Taj Plastic,100
Taj- 30L Container Loose,300,0,Taj Plastic,100
Taj- Royal 3 Bati Set,105,0,Taj Plastic,100
Taj- King Jug,170,0,Taj Plastic,100
Taj- Prince Jug,155,0,Taj Plastic,100
Taj- Shitol Rack,330,0,Taj Plastic,100
Taj- Shoe Rack,320,0,Taj Plastic,100
Taj- 4 Step Medical Box,180,0,Taj Plastic,100
Taj- 3 Step Medical Box,150,0,Taj Plastic,100
Taj- Big Bed Table,195,0,Taj Plastic,100
Taj- Small Bed Table,180,0,Taj Plastic,100
Taj- Big Love Jali,360,0,Taj Plastic,100
Taj- Small Love Jali,210,0,Taj Plastic,100
Taj- Jui Firi,85,0,Taj Plastic,100
Taj- Tulip Mosolla Dani,85,0,Taj Plastic,100
Taj- Ruti Box,65,0,Taj Plastic,100
Taj- Big Magic Pot,200,0,Taj Plastic,100
Taj- Small Magic Pot,165,0,Taj Plastic,100
Taj- Prime Box,330,0,Taj Plastic,100
Taj- Chery Box,220,0,Taj Plastic,100
Taj- Shaluk Stand,65,0,Taj Plastic,100
Taj- Round Gol Dispo,17,0,Taj Plastic,100
Taj- Coffee Mug,16,0,Taj Plastic,100
Taj- Soyan Dispo,15,0,Taj Plastic,100
Taj- Soikot Bati Set,95,0,Taj Plastic,100
Taj- Surma Belcha (Dust Pan),180,0,Taj Plastic,100
Taj- Dakna Saban Case (Soap Case) ,22,0,Taj Plastic,100
Taj- Borof Ice Maker,50,0,Taj Plastic,100
Taj- Chatni Bati,90,0,Taj Plastic,100
Taj- Vhorta Bati,80,0,Taj Plastic,100
Taj- 1 Bati Vivo ,100,0,Taj Plastic,100
Taj- 2 Bati Vivo ,170,0,Taj Plastic,100
Taj- 3 Bati Vivo ,220,0,Taj Plastic,100
Taj- Medicine Box,85,0,Taj Plastic,100
Taj- 3 Soap (Saban) Case ,170,0,Taj Plastic,100
Taj- 2 Soap (Saban) Case ,160,0,Taj Plastic,100
Taj- Mohona Mosolla Dani,50,0,Taj Plastic,100
Taj- Meher Jali,80,0,Taj Plastic,100
Taj- 6P Ice Maker Small,45,0,Taj Plastic,100
Taj- Baby Tiffine ,112,0,Taj Plastic,100
Taj- Big Tiffine ,160,0,Taj Plastic,100
Taj- 800ml Hotpot,210,0,Taj Plastic,100
Taj- 1200ml Hotpot,300,0,Taj Plastic,100
Taj- 1800ml Hotpot,455,0,Taj Plastic,100
Taj- 2500ml Hotpot,500,0,Taj Plastic,100
Taj- 3300ml Hotpot,595,0,Taj Plastic,100
Taj- 4000ml Hotpot,640,0,Taj Plastic,100
Taj- 5200ml Hotpot,730,0,Taj Plastic,100
Taj- 4 Bati Hot Carrier,510,0,Taj Plastic,100
Taj- 3 Bati Hot Carrier,390,0,Taj Plastic,100
Taj- Rolex 4 Bati Hot Carrier,540,0,Taj Plastic,100
Lira- 15L Container Set,420,0,Lira Plastic,100
Lira- 10L Container Set,275,0,Lira Plastic,100
Lira- 3P Container Set,95,0,Lira Plastic,100
L- 0 (Zero) Kol Patla,198,0,Lira Plastic,100
L- 0 (Zero) Kol Mota,22,0,Lira Plastic,100
L- 500 Bati,102,0,Lira Plastic,100
L- 3P Square Bati Set,65,0,Lira Plastic,100
L- 3P Round Gol Bati Set,47,0,Lira Plastic,100
L- 550 Square Bati,13,0,Lira Plastic,100
L- 1.5L Mug,18,0,Lira Plastic,100
L- 600ml Mug,8.5,0,Lira Plastic,100
L- Small Paper Busket,38,0,Lira Plastic,100
L- Laundry Busket,105,0,Lira Plastic,100
L- Big Vegetable Jali,90,0,Lira Plastic,100
L- Medium Vegetable Jali,50,0,Lira Plastic,100
L- Small Vegetable Jali,30,0,Lira Plastic,100
L- 10L Gallon,143,0,Lira Plastic,100
L- 5L Gallon,52,0,Lira Plastic,100
L- 2.25L Bodna ,38,0,Lira Plastic,100
L- 2.5L Bodna ,42,0,Lira Plastic,100
L- Round Gol Bank ,30,0,Lira Plastic,100
L- Big Kula,75,0,Lira Plastic,100
L- 2 Bati Carrier,92,0,Lira Plastic,100
L- 3 Bati Carrier,120,0,Lira Plastic,100
L- 3L Container Loose,38,0,Lira Plastic,100
L- Big Oval Tool,110,0,Lira Plastic,100
L- Small Oval Tool,82,0,Lira Plastic,100
L- Love Hanger - 1P,28,0,Lira Plastic,100
L- Mota Hanger - 1P,17,0,Lira Plastic,100
L- Patla Hanger - 1P,11,0,Lira Plastic,100
L- Priti Hanger - 1P,11,0,Lira Plastic,100
L- Kalo Hanger - 1P,8,0,Lira Plastic,100
L- Moving Hanger - 1P,15,0,Lira Plastic,100
L- Hand Pakha ,18,0,Lira Plastic,100
L- Coffee Mug,28,0,Lira Plastic,100
L- Dal Chamos Gudni ,22,0,Lira Plastic,100
L- Bed Table,230,0,Lira Plastic,100
L- 11 Hook Hanger - 1P,27,0,Lira Plastic,100
KRM- Sanila Mosolla Dani,80,0,KRM Plastic,100
KRM- Saffola Mosolla Dani,80,0,KRM Plastic,100
KRM- Easy Mosolla Dani,75,0,KRM Plastic,100
KRM- Danaz Mosolla Dani,45,0,KRM Plastic,100
KRM- 24 Stand,55,0,KRM Plastic,100
KRM- Happy Stand,50,0,KRM Plastic,100
KRM- Garden Stand,50,0,KRM Plastic,100
KRM- Sun Light Stand,45,0,KRM Plastic,100
KRM- Blue Ice Maker,75,0,KRM Plastic,100
KRM- Chery Boy Ice Maker,80,0,KRM Plastic,100
KRM- Loli Pop Ice Maker,80,0,KRM Plastic,100
KRM- Ice Tray,65,0,KRM Plastic,100
KRM- Big Kapor Brush,300,0,KRM Plastic,100
KRM- Glass Stand,80,0,KRM Plastic,100
KRM- Love Stand,55,0,KRM Plastic,100
KRM- Love Hanger ,360,0,KRM Plastic,100
KRM- Black Hanger ,150,0,KRM Plastic,100
KRM- jinghe Hanger ,280,0,KRM Plastic,100
KRM- Sharee Hanger ,270,0,KRM Plastic,100
KRM- Number 1 Hanger ,270,0,KRM Plastic,100
B- 10L Container set (3-10),375,0,Bengal Plastic,100
B- 15L Container set (5-15),525,0,Bengal Plastic,100
B- Crazy Bol Hanger,91,0,Bengal Plastic,100
B- Light Hanger,90,0,Bengal Plastic,100
B- Moving Hanger - 6P,133,0,Bengal Plastic,100
B- 24P Round Hanger,195,0,Bengal Plastic,100
B- Wall Hanger 10 Hook,54,0,Bengal Plastic,100
B- Mini Fruit Container - Big,23,0,Bengal Plastic,100
B- Mini Fruit Container - Medium,15,0,Bengal Plastic,100
B- Mini Fruit Container - Small,10,0,Bengal Plastic,100
B- 4 Drawer Organizer ,238,0,Bengal Plastic,100
B- 5 Drawer Organizer ,292,0,Bengal Plastic,100
B- Dust Pan - Belcha,34,0,Bengal Plastic,100
B- Round Laundry Busket,175,0,Bengal Plastic,100
B- High Net Tool,218,0,Bengal Plastic,100
B- Medium Net Tool,155,0,Bengal Plastic,100
B- Big Fanel,41,0,Bengal Plastic,100
B- 5L Twin Color Bowl ,70,0,Bengal Plastic,100
B- 18L Paddle Bin,462,0,Bengal Plastic,100
B- 2.25L Blue Bodna,46,0,Bengal Plastic,100
B- 3L Loose Container,57,0,Bengal Plastic,100
B- 5L Loose Container,83,0,Bengal Plastic,100
B- 7L Loose Container,108,0,Bengal Plastic,100
B- 10L Loose Container,142,0,Bengal Plastic,100
B- 15L Loose Container,210,0,Bengal Plastic,100
B- 21L Loose Container,255,0,Bengal Plastic,100
B- 2L Mug,33,0,Bengal Plastic,100
B- 1.5L Mug,23,0,Bengal Plastic,100
B- Kitchen Rack,730,0,Bengal Plastic,100
B- 4P Rainbow Bati Set,85,0,Bengal Plastic,100
B- 7P Rainbow Bati Set,260,0,Bengal Plastic,100
B- Noodles Net Jali (Chakni),51,0,Bengal Plastic,100
B- Tulip Coffee Mug,57,0,Bengal Plastic,100
B- Horse Potty,255,0,Bengal Plastic,100
B- Duck Potty,340,0,Bengal Plastic,100
B- Flower Dust,67,0,Bengal Plastic,100
B- Crown Fruit Busket,65,0,Bengal Plastic,100
B- 4.8L Fruit Container,92,0,Bengal Plastic,100
B- 3L Fruit Container,75,0,Bengal Plastic,100
B- 2L Fruit Container,50,0,Bengal Plastic,100
B- 3000 Bati,90,0,Bengal Plastic,100
B- 1880 Bati,81,0,Bengal Plastic,100
B- 930 Bati,40,0,Bengal Plastic,100
B- Slim Dish Rack,325,0,Bengal Plastic,100
B- 2 Part Tiffin Box,84,0,Bengal Plastic,100
B- Long Spice Jar,142,0,Bengal Plastic,100
B- Short Spice Jar,75,0,Bengal Plastic,100
B- Mini Rack,212,0,Bengal Plastic,100
B- Roton Busket - Tini,74,0,Bengal Plastic,100
B- Roton Busket - Mini,109,0,Bengal Plastic,100
B- 3.5L Jug,85,0,Bengal Plastic,100
B- 3L Jug,78,0,Bengal Plastic,100
B- Daily Box RTG Mosolla,92,0,Bengal Plastic,100
B- Shopping Busket,325,0,Bengal Plastic,100
B- Aqua Bottle,48,0,Bengal Plastic,100
B- Dal Gudni,30,0,Bengal Plastic,100
B- Dabu,24,0,Bengal Plastic,100
B- Multi Chamber Box,82,0,Bengal Plastic,100
B- Small Storage Busket,361,0,Bengal Plastic,100
B- Medium Storage Busket,620,0,Bengal Plastic,100
B- Big Storage Busket,960,0,Bengal Plastic,100
B- Round Mosolla Dani,76,0,Bengal Plastic,100
A- Tor Toys Potty,345,0,Akij Plastic,100
A- Car Potty,400,0,Akij Plastic,100
A- Drinking Mug,18,0,Akij Plastic,100
A- Drinking Glass,16,0,Akij Plastic,100
A- 20L Loose Container ,250,0,Akij Plastic,100
A- 15L Loose Container ,212,0,Akij Plastic,100
A- 10L Loose Container ,140,0,Akij Plastic,100
A- 7L Loose Container ,105,0,Akij Plastic,100
A- 5L Loose Container ,85,0,Akij Plastic,100
A- 3L Loose Container ,60,0,Akij Plastic,100
A- 10L Bowl Gamla,105,0,Akij Plastic,100
A- 8L Bowl Gamla,90,0,Akij Plastic,100
A- 5L Bowl Gamla,62,0,Akij Plastic,100
A- 3L Bowl Gamla,42,0,Akij Plastic,100
A- Akij Hanger - 6P,132,0,Akij Plastic,100
A- 6 Step Rack,940,0,Akij Plastic,100
A- 5 Step Rack,790,0,Akij Plastic,100
A- 4 Step Rack,630,0,Akij Plastic,100
A- Baby Chair,216,0,Akij Plastic,100
A- Laundry Busket,565,0,Akij Plastic,100
A- Kitchen Rack,1600,0,Akij Plastic,100
A- Dish Rack,300,0,Akij Plastic,100
A- Square 3P Bati Set - Big,175,0,Akij Plastic,100
A- Round 3P Bati Set - Big,140,0,Akij Plastic,100
A- RTG Square 3P Bati Set ,200,0,Akij Plastic,100
A- 20L Paddle Bin,520,0,Akij Plastic,100
A- 10L Paddle Bin,310,0,Akij Plastic,100
A- Noodles Net Jali (Chakni),38,0,Akij Plastic,100
A- 10L Container Set,365,0,Akij Plastic,100
A- 2L Mug,34,0,Akij Plastic,100
A- 1.5L Mug,27,0,Akij Plastic,100
A- 25L Bowl Gamla,250,0,Akij Plastic,100
A- 21L Bowl Gamla,180,0,Akij Plastic,100
A- 18L Bowl Gamla,160,0,Akij Plastic,100
A- 15L Bowl Gamla,140,0,Akij Plastic,100
A- RCP Jug,130,0,Akij Plastic,100
A- Hard High Tool,275,0,Akij Plastic,100
A- Hard Medium Tool,165,0,Akij Plastic,100
A- Short Tool,92,0,Akij Plastic,100
A- Semi High Tool,180,0,Akij Plastic,100
A- Semi Spear Medium Tool,155,0,Akij Plastic,100
A- Barbi Medium Tool,130,0,Akij Plastic,100
DS- 6P Kan Jali Set,1200,0,Dhaka Steel,100
DS- 31.5cm Kan Jali ,280,0,Dhaka Steel,100
DS- 28.5cm Kan Jali ,260,0,Dhaka Steel,100
DS- 25.5cm Kan Jali ,240,0,Dhaka Steel,100
DS- 25cm SS Net Jali ,120,0,Dhaka Steel,100
DS- 22cm SS Net Jali ,110,0,Dhaka Steel,100
DS- 28cm SS Net Jali ,130,0,Dhaka Steel,100
DS- 12'' Noodles Jali ,65,0,Dhaka Steel,100
DS- 14'' Noodles Jali ,70,0,Dhaka Steel,100
DS- 16'' Noodles Jali ,75,0,Dhaka Steel,100
"DS- 8"" SS Cha Chakni",45,0,Dhaka Steel,100
"DS- 10"" SS Cha Chakni",50,0,Dhaka Steel,100
"DS- 12"" SS Cha Chakni",55,0,Dhaka Steel,100
"DS- 14"" SS Tel Chakni (Jali)",80,0,Dhaka Steel,100
"DS- 16"" SS Tel Chakni (Jali)",95,0,Dhaka Steel,100
"DS- 18"" SS Tel Chakni (Jali)",105,0,Dhaka Steel,100
"DS- 20"" SS Tel Chakni (Jali)",115,0,Dhaka Steel,100
"DS- 22"" SS Tel Chakni (Jali)",125,0,Dhaka Steel,100
"DS- 24"" SS Tel Chakni (Jali)",135,0,Dhaka Steel,100
"DS- 26"" SS Tel Chakni (Jali)",150,0,Dhaka Steel,100
DS- Big Kadbat Chakku (knife),130,0,Dhaka Steel,100
DS- Small Kadbat Chakku (knife),65,0,Dhaka Steel,100
DS- Sinbad Chakku (knife),75,0,Dhaka Steel,100
DS- Big Ripid Chakku (knife),50,0,Dhaka Steel,100
DS- Small Ripid Chakku (knife),45,0,Dhaka Steel,100
DS- Small Cover Chakku (knife),105,0,Dhaka Steel,100
DS- Big Cover Chakku (knife),115,0,Dhaka Steel,100
DS- Holud Chakku (knife),170,0,Dhaka Steel,100
DS- Plastic Handle Jali,135,0,Dhaka Steel,100
DS- Silicon Chamos,110,0,Dhaka Steel,100
DS- SS Lebu Chipa,85,0,Dhaka Steel,100
DS- Juice Pipe Straw,70,0,Dhaka Steel,100
DS- Big Alu Vhorta,50,0,Dhaka Steel,100
DS- Small Alu Vhorta,40,0,Dhaka Steel,100
DS- Mota Board Cutter,60,0,Dhaka Steel,100
DS- China Board Cutter,35,0,Dhaka Steel,100
DS- Oil Brush,55,0,Dhaka Steel,100
DS- China Tea Box - Big,320,0,Dhaka Steel,100
DS- China Tea Box - Small,210,0,Dhaka Steel,100
DS- Big Chimta,60,0,Dhaka Steel,100
DS- Small Chimta,50,0,Dhaka Steel,100
DS- Golden 50P Hook,400,0,Dhaka Steel,100
DS- Diamond 50P Hook,400,0,Dhaka Steel,100
DS- Nut 50P Hook,450,0,Dhaka Steel,100
DS- SS Clip,70,0,Dhaka Steel,100
DS- 3D Hook New,70,0,Dhaka Steel,100
DS- 4P China Hook,50,0,Dhaka Steel,100
DS- 6P SS Hook,90,0,Dhaka Steel,100
DS- 9P Smile Hook,70,0,Dhaka Steel,100
DS- 12P China Hook,120,0,Dhaka Steel,100
DS- 5P Kad Hook,60,0,Dhaka Steel,100
DS- 9P Hook,110,0,Dhaka Steel,100
DS- 1No Prime Mug,55,0,Dhaka Steel,100
DS- 2No Prime Mug,65,0,Dhaka Steel,100
DS- 3No Prime Mug,80,0,Dhaka Steel,100
DS- 4No Prime Mug,90,0,Dhaka Steel,100
DS- 5No Prime Mug,100,0,Dhaka Steel,100
DS- 5No Max Mug,170,0,Dhaka Steel,100
DS- 4No Max Mug,160,0,Dhaka Steel,100
DS- 3No Max Mug,125,0,Dhaka Steel,100
DS- 2No Max Mug,105,0,Dhaka Steel,100
DS- 1No Max Mug,90,0,Dhaka Steel,100
DS- Moon 5 Bati - Big,420,480,Dhaka Steel,100
DS- Moon 4 Bati - Big,350,420,Dhaka Steel,100
DS- Moon 4 Bati - Medium,290,360,Dhaka Steel,100
DS- Moon 3 Bati - Big,290,360,Dhaka Steel,100
DS- Moon 3 Bati - Medium,240,320,Dhaka Steel,100
DS- Moon 3 Bati - Small,170,260,Dhaka Steel,100
DS- Silver Bati - KG,400,0,Dhaka Steel,100
DS- Dosta Chamos Khunti - Big,80,0,Dhaka Steel,100
DS- Dosta Chamos Khunti - Medium,60,0,Dhaka Steel,100
DS- Dosta Chamos Khunti - Small,50,0,Dhaka Steel,100
DS- Big Fry Pan,230,0,Dhaka Steel,100
DS- Small Fry Pan,200,0,Dhaka Steel,100
DS- Ruti Tawa,190,0,Dhaka Steel,100
DS- Chaina Achar Chamos,50,0,Dhaka Steel,100
DS- Full Golden Spoon-Fork (Ti-Kata),70,0,Dhaka Steel,100
DS- Full Golden Dessert,120,0,Dhaka Steel,100
DS- Half Golden Dessert,100,0,Dhaka Steel,100
DS- Half Golden Spoon-Fork  (Ti-Kata),60,0,Dhaka Steel,100
DS- Max Ti-Kata Spoon,190,0,Dhaka Steel,100
DS- Max Dessert Spoon,290,0,Dhaka Steel,100
DS- Masud Chamos- Khunti,720,0,Dhaka Steel,100
DS- Sony Chamos- Khunti,660,0,Dhaka Steel,100
DS- Touch Chamos (Cary+Rice+dabu),600,0,Dhaka Steel,100
DS- SS Holud Sony Chamos-Khunti,400,0,Dhaka Steel,100
DS- Koma Chamos (Cary+Rice+Dabu),190,0,Dhaka Steel,100
DS- Sotota Chamos (Cary+Rice+Dabu),400,0,Dhaka Steel,100
DS- 10 Khunti ,280,0,Dhaka Steel,100
DS- 15 Cary + Dabu,480,0,Dhaka Steel,100
DS- 50 Khunti Chamos,840,1200,Dhaka Steel,100
DS- 50 Cary+Dabu Chamos,900,1200,Dhaka Steel,100
DS- Jony XXL Khunti,840,0,Dhaka Steel,100
DS- Jony Khunti,360,0,Dhaka Steel,100
DS- Jony Tea Spoon,120,0,Dhaka Steel,100
DS- Jony Mono Dessert,220,0,Dhaka Steel,100
DS- Jony Mono Table,280,0,Dhaka Steel,100
DS- Jony Mono XL Table,340,0,Dhaka Steel,100
DS- Jony Cary+Rice+dabu Chamos,460,0,Dhaka Steel,100
DS- Kanchi Cup,80,0,Dhaka Steel,100
DS- Indian Cup,50,0,Dhaka Steel,100
DS- Dami Choto Glass,75,0,Dhaka Steel,100
DS- SS Blue Piller,105,0,Dhaka Steel,100
DS- SS Mota Dami Piller,170,0,Dhaka Steel,100
DS- SS Patla Dami Piller,150,0,Dhaka Steel,100
DS- SS Double Piller ,40,0,Dhaka Steel,100
DS- SS Single Piller ,35,0,Dhaka Steel,100
B- File Tray,35,0,Bengal Plastic,100
R- 2500ml Trim Container,80,0,Prado,100
R- 35L Two Color Flower Bucket (Balti),475,0,Prado,100
R- 30L Two Color Flower Bucket (Balti),420,0,Prado,100
R- 25L Two Color Flower Bucket (Balti),390,0,Prado,100
R- 20L Two Color Flower Bucket (Balti),275,0,Prado,100
R- 16L Two Color Flower Bucket (Balti),237,0,Prado,100
R- 10L Two Color Flower Bucket (Balti),145,0,Prado,100
R- 5L Two Color Flower Bucket (Balti),88,0,Prado,100
R- Square Vegetable Rack ,410,0,Prado,100
R- Round Vegetable Rack ,340,0,Prado,100
R- Big Atta Chalni,58,0,Pacific,100
R- Small Atta Chalni,45,0,Pacific,100
R- Small Pacific Round Tool,68,0,Pacific,100
R- Medium Pacific Round Tool,88,0,Pacific,100
R- Small Magic Tool,250,0,Pacific,100
R- Medium Magic Tool,295,0,Pacific,100
R- Big Magic Tool,400,0,Pacific,100
R- Big Style Fence Rack,770,0,Pacific,100
R- Macca Rehal,110,0,Pacific,100
R- Glasco Jug,155,0,Pacific,100
R- Juicy Jug,170,0,Pacific,100
R- Bely Jug,195,0,Pacific,100
R- Lucy Mug,70,0,Pacific,100
R- 4 Step Smart Rack,475,0,Pacific,100
R- 4 Step Smart Print Rack,500,0,Pacific,100
R- 30L Black Bucket (Kalo Balti),118,0,Tel,100
R- 25L Black Bucket (Kalo Balti),101,0,Tel,100
R- 22L Black Bucket (Kalo Balti),93,0,Tel,100
R- 20L Black Bucket (Kalo Balti),88,0,Tel,100
R- 18L Black Bucket (Kalo Balti),77,0,Tel,100
R- 15L Black Bucket (Kalo Balti),62,0,Tel,100
R- 12L Black Bucket (Kalo Balti),54,0,Tel,100
R- 10L Black Bucket (Kalo Balti),49,0,Tel,100
R- 8L Black Bucket (Kalo Balti),37,0,Tel,100
R- 4L Black Bucket (Kalo Balti),23,0,Tel,100
D- 2L Mug,30,0,Diamond Plastic,100
D- Dust Pan (Belcha),30,0,Diamond Plastic,100
D- 4200ml Leisure Hotpot,815,0,Diamond Plastic,100
D- 3600ml Leisure Hotpot,720,0,Diamond Plastic,100
D- 2500ml Fantasy Hotpot,650,0,Diamond Plastic,100
D- 2700ml Leisure Hotpot,610,0,Diamond Plastic,100
D- 2200ml Leisure Hotpot,560,0,Diamond Plastic,100
D- 1500ml Leisure Hotpot,520,0,Diamond Plastic,100
D- 1500ml Fantasy Hotpot,540,0,Diamond Plastic,100
D- 850ml Fantasy Hotpot,400,0,Diamond Plastic,100
D- Big Tiffin Hotpot,270,0,Diamond Plastic,100
D- Small Tiffin Hotpot,240,0,Diamond Plastic,100
D- 400ml Hotpot,160,0,Diamond Plastic,100
D- 300ml Hotpot,140,0,Diamond Plastic,100
D- 4 Bati Hot Carrier,610,0,Diamond Plastic,100
W- 1.8L Heater Jug ,220,0,Winner,100
DP- 1No Hasan Bati -1D,90,0,Dhaka Plastic,100
DP- 2No Hasan Bati -1D,150,0,Dhaka Plastic,100
DP- 3No Hasan Bati -1D,180,0,Dhaka Plastic,100
DP- 4No Hasan Bati -1D,290,0,Dhaka Plastic,100
DP- 5No Hasan Bati -1P,33,0,Dhaka Plastic,100
DP- 6No Hasan Bati -1P,40,0,Dhaka Plastic,100
DS- 22'' SS Cheni,270,0,Dhaka Steel,100
DS- 20'' SS Cheni,220,0,Dhaka Steel,100
DS- 18'' SS Cheni,200,0,Dhaka Steel,100
"DS- 7"" DM Glass",90,0,Dhaka Steel,100
"DS- 7.5"" DM Glass",100,0,Dhaka Steel,100
W- 450ml Smart Flask,630,0,Winner,100
W- 1.3L Super Penguin ,480,0,Winner,100
W- 1L Super Penguin Flask,420,0,Winner,100
W- 500ml Super Flask,460,0,Winner,100
W- 500 Leisure Hotpot PP,140,0,Winner,100
W- 500 Laxary Hotpot,190,0,Winner,100
W- 500ml Bullet Flask,580,0,Winner,100
W- 500ml Premium Flask,650,0,Winner,100
W- 480ml Supreme Flask,770,0,Winner,100
W- 500ml Beauty Flask,660,0,Winner,100
W- Basic Travell Flask,625,0,Winner,100
W- 1L Laval Flask,390,0,Winner,100
W- Bottle Brush,30,0,Winner,100
W- Glass Wiper,55,0,Winner,100
W- Long Handle Brush,210,0,Winner,100
W- Platinum Brush,35,0,Winner,100
W- Unique Brush,27,0,Winner,100
W- Elegant Brush,45,0,Winner,100
W- E> Floor Brush,45,0,Winner,100
W- Fancy Broom Brush,195,0,Winner,100
W- Elite Broom Brush,180,0,Winner,100
W- Floor Brush,60,0,Winner,100
W- Deluxe Floor Brush,70,0,Winner,100
W- Cort Brush,60,0,Winner,100
W- Kapor Brush,20,0,Winner,100
W- 60ml Fitter,70,0,Winner,100
W- 90ml Fitter,70,0,Winner,100
W- 120ml Fitter Handle,80,0,Winner,100
W- 120ml Fitter ,75,0,Winner,100
W- 240ml Fitter Handle,80,0,Winner,100
W- 12P Pata Majoni,150,0,Winner,100
Win- Round Tiffin Box,290,0,Winner,100
Win- Square (Chepta) Tiffin Box,260,0,Winner,100
Win- 1000ml Premium Flask,890,0,Winner,100
